ID,revised X,revised Y,obstacle
0,53421,92650,1
1,53623,92650,2
2,53790,92650,2
3,53958,92650,2
4,54159,92650,1
5,54360,92650,2
6,54528,92650,1
7,54729,92650,1
8,54897,92650,1
9,55098,92650,1
10,55299,92650,1
11,55467,92650,1
12,55668,92650,1
13,55836,92650,2
14,56037,92650,1
15,56238,92650,1
16,56406,92650,2
17,56607,92650,1
18,56774,92650,1
19,56976,92650,1
20,57177,92650,1
21,57344,92650,1
22,57545,92650,1
23,57713,92650,1
24,53310,92706,1
25,53511,92706,2
26,53690,92717,2
27,53891,92717,2
28,54070,92706,1
29,54248,92706,2
30,54427,92717,2
31,54628,92717,2
32,54830,92717,2
33,55008,92706,1
34,55187,92706,2
35,55366,92717,1
36,55567,92717,1
37,55768,92717,1
38,55947,92706,1
39,56126,92706,1
40,56305,92717,1
41,56506,92717,1
42,56707,92717,1
43,56886,92706,1
44,57065,92706,1
45,57244,92717,1
46,57445,92717,1
47,57646,92717,1
48,53388,92751,1
49,53589,92751,1
50,53790,92751,2
51,53991,92751,2
52,54159,92751,2
53,54327,92751,2
54,54528,92751,2
55,54729,92751,2
56,54930,92751,2
57,55098,92751,1
58,55266,92751,1
59,55467,92751,1
60,55668,92751,2
61,55869,92751,1
62,56037,92751,1
63,56204,92751,1
64,56406,92751,2
65,56607,92751,1
66,56808,92751,1
67,56976,92751,1
68,57143,92751,2
69,57344,92751,2
70,57545,92751,2
71,57747,92751,1
72,53321,92818,1
73,53522,92818,2
74,53690,92818,2
75,53857,92818,2
76,54058,92818,1
77,54260,92818,1
78,54461,92818,1
79,54628,92818,1
80,54796,92818,2
81,54997,92818,2
82,55198,92818,2
83,55400,92818,1
84,55567,92818,1
85,55735,92818,1
86,55936,92818,1
87,56137,92818,1
88,56338,92818,1
89,56506,92818,2
90,56674,92818,1
91,56875,92818,1
92,57076,92818,2
93,57277,92818,1
94,57445,92818,2
95,57613,92818,2
96,53421,92851,2
97,53600,92862,2
98,53779,92862,1
99,53980,92862,1
100,54159,92851,1
101,54360,92851,1
102,54539,92862,2
103,54718,92862,2
104,54919,92862,2
105,55098,92851,1
106,55299,92851,1
107,55478,92862,1
108,55657,92862,2
109,55836,92851,1
110,56037,92851,1
111,56238,92851,1
112,56417,92862,2
113,56596,92862,1
114,56774,92851,1
115,56976,92851,1
116,57177,92851,1
117,57355,92862,2
118,57534,92862,1
119,57713,92851,2
120,53321,92918,1
121,53489,92918,2
122,53690,92918,1
123,53891,92918,2
124,54070,92929,1
125,54260,92918,2
126,54427,92918,1
127,54628,92918,1
128,54830,92918,1
129,55008,92929,2
130,55198,92918,1
131,55366,92918,1
132,55567,92918,1
133,55768,92918,1
134,55936,92918,1
135,56137,92918,2
136,56305,92918,2
137,56506,92918,1
138,56707,92918,1
139,56875,92918,1
140,57076,92918,2
141,57244,92918,1
142,57445,92918,2
143,57646,92918,2
144,53421,92985,1
145,53600,92974,2
146,53790,92985,1
147,53958,92985,1
148,54159,92985,2
149,54360,92985,1
150,54539,92974,1
151,54718,92974,2
152,54897,92985,1
153,55098,92985,2
154,55299,92985,1
155,55478,92974,1
156,55657,92974,1
157,55836,92985,1
158,56037,92985,1
159,56238,92985,2
160,56417,92974,1
161,56596,92974,1
162,56774,92985,1
163,56976,92985,1
164,57177,92985,1
165,57355,92974,2
166,57534,92974,2
167,57713,92985,2
168,53321,93019,2
169,53522,93019,2
170,53690,93019,1
171,53891,93019,1
172,54058,93019,2
173,54260,93019,1
174,54461,93019,1
175,54628,93019,2
176,54796,93019,2
177,54997,93019,2
178,55198,93019,2
179,55400,93019,1
180,55567,93019,1
181,55735,93019,1
182,55936,93019,1
183,56137,93019,1
184,56338,93019,2
185,56506,93019,1
186,56674,93019,1
187,56875,93019,1
188,57076,93019,1
189,57277,93019,2
190,57445,93019,2
191,57613,93019,2
192,53388,93086,2
193,53589,93086,1
194,53790,93086,1
195,53991,93086,2
196,54159,93086,1
197,54327,93086,1
198,54528,93086,2
199,54729,93086,2
200,54930,93086,1
201,55098,93086,2
202,55266,93086,1
203,55467,93086,1
204,55668,93086,1
205,55869,93086,1
206,56037,93086,2
207,56204,93086,2
208,56406,93086,1
209,56607,93086,1
210,56808,93086,1
211,56976,93086,2
212,57143,93086,2
213,57344,93086,2
214,57545,93086,2
215,57747,93086,1
216,53310,93131,1
217,53511,93131,2
218,53690,93119,1
219,53891,93119,1
220,54070,93131,2
221,54248,93131,1
222,54450,93131,2
223,54628,93119,2
224,54830,93119,2
225,55008,93131,2
226,55187,93131,2
227,55388,93131,1
228,55567,93119,1
229,55768,93119,1
230,55947,93131,1
231,56126,93131,1
232,56305,93119,1
233,56506,93119,1
234,56685,93131,1
235,56886,93131,2
236,57065,93131,2
237,57244,93119,2
238,57445,93119,1
239,57624,93131,2
240,53421,93186,2
241,53600,93198,2
242,53790,93186,1
243,53958,93186,2
244,54159,93186,1
245,54360,93186,2
246,54539,93198,2
247,54729,93186,2
248,54897,93186,1
249,55098,93186,2
250,55299,93186,2
251,55478,93198,1
252,55668,93186,1
253,55836,93186,1
254,56037,93186,1
255,56238,93186,1
256,56406,93186,1
257,56596,93198,1
258,56774,93186,1
259,56976,93186,2
260,57177,93186,2
261,57344,93186,1
262,57534,93198,1
263,57713,93186,2
264,53321,93254,1
265,53489,93254,2
266,53690,93254,1
267,53891,93254,1
268,54070,93242,2
269,54260,93254,2
270,54427,93254,1
271,54628,93254,1
272,54830,93254,2
273,55008,93242,1
274,55198,93254,1
275,55366,93254,1
276,55567,93254,1
277,55768,93254,1
278,55947,93242,1
279,56126,93242,1
280,56305,93254,1
281,56506,93254,1
282,56707,93254,1
283,56886,93242,1
284,57065,93242,1
285,57244,93254,2
286,57445,93254,2
287,57646,93254,1
288,53421,93287,1
289,53589,93287,1
290,53790,93287,1
291,53991,93287,2
292,54159,93287,2
293,54360,93287,1
294,54528,93287,2
295,54729,93287,2
296,54930,93287,2
297,55098,93287,2
298,55299,93287,2
299,55467,93287,1
300,55668,93287,1
301,55869,93287,2
302,56037,93287,1
303,56204,93287,1
304,56406,93287,1
305,56607,93287,1
306,56808,93287,1
307,56976,93287,2
308,57143,93287,2
309,57344,93287,1
310,57545,93287,1
311,57713,93287,2
312,53321,93354,1
313,53522,93354,1
314,53690,93354,1
315,53857,93354,1
316,54058,93354,2
317,54260,93354,1
318,54461,93354,2
319,54628,93354,2
320,54796,93354,1
321,54997,93354,1
322,55198,93354,2
323,55400,93354,1
324,55567,93354,1
325,55735,93354,1
326,55936,93354,2
327,56137,93354,2
328,56338,93354,1
329,56506,93354,1
330,56674,93354,1
331,56875,93354,1
332,57076,93354,2
333,57277,93354,2
334,57445,93354,1
335,57613,93354,1
336,53421,93388,1
337,53600,93399,1
338,53779,93399,1
339,53980,93399,1
340,54159,93388,2
341,54360,93388,2
342,54539,93399,1
343,54718,93399,1
344,54919,93399,2
345,55098,93388,1
346,55299,93388,2
347,55478,93399,1
348,55657,93399,1
349,55858,93399,2
350,56037,93388,2
351,56216,93399,2
352,56417,93399,1
353,56596,93399,1
354,56797,93399,2
355,56976,93388,2
356,57154,93399,2
357,57355,93399,2
358,57534,93399,1
359,57713,93388,2
360,53321,93455,1
361,53489,93455,1
362,53690,93455,1
363,53891,93455,2
364,54070,93466,1
365,54260,93455,1
366,54427,93455,2
367,54628,93455,2
368,54830,93455,1
369,55008,93466,1
370,55198,93455,2
371,55366,93455,1
372,55567,93455,1
373,55768,93455,2
374,55947,93466,2
375,56126,93466,2
376,56305,93455,2
377,56506,93455,1
378,56707,93455,1
379,56886,93466,1
380,57065,93466,1
381,57244,93455,2
382,57445,93455,1
383,57646,93455,1
384,53421,93522,2
385,53600,93511,2
386,53790,93522,1
387,53958,93522,2
388,54159,93522,1
389,54360,93522,1
390,54539,93511,1
391,54729,93522,2
392,54897,93522,1
393,55098,93522,1
394,55299,93522,1
395,55478,93511,1
396,55668,93522,1
397,55836,93522,1
398,56037,93522,2
399,56238,93522,2
400,56417,93511,1
401,56596,93511,2
402,56774,93522,1
403,56976,93522,1
404,57177,93522,2
405,57344,93522,2
406,57534,93511,2
407,57713,93522,1
408,53310,93578,2
409,53511,93578,1
410,53690,93589,1
411,53891,93589,1
412,54070,93578,1
413,54248,93578,1
414,54450,93578,1
415,54628,93589,2
416,54830,93589,1
417,55008,93578,1
418,55187,93578,1
419,55388,93578,1
420,55567,93589,2
421,55768,93589,2
422,55947,93578,2
423,56126,93578,1
424,56327,93578,1
425,56506,93589,2
426,56685,93578,2
427,56886,93578,1
428,57065,93578,2
429,57244,93589,2
430,57445,93589,1
431,57624,93578,1
432,53388,93622,1
433,53589,93622,1
434,53790,93622,1
435,53991,93622,1
436,54159,93622,2
437,54327,93622,1
438,54528,93622,1
439,54729,93622,2
440,54930,93622,2
441,55098,93622,1
442,55266,93622,1
443,55467,93622,2
444,55668,93622,2
445,55869,93622,1
446,56037,93622,1
447,56204,93622,2
448,56406,93622,1
449,56607,93622,1
450,56808,93622,1
451,56976,93622,2
452,57143,93622,2
453,57344,93622,2
454,57545,93622,1
455,57747,93622,1
456,53321,93689,1
457,53522,93689,1
458,53690,93689,1
459,53891,93689,1
460,54058,93689,1
461,54260,93689,2
462,54461,93689,1
463,54628,93689,2
464,54796,93689,1
465,54997,93689,1
466,55198,93689,2
467,55400,93689,1
468,55567,93689,2
469,55735,93689,2
470,55936,93689,1
471,56137,93689,2
472,56338,93689,1
473,56506,93689,1
474,56674,93689,1
475,56875,93689,1
476,57076,93689,2
477,57277,93689,2
478,57445,93689,1
479,57613,93689,1
480,53421,93723,1
481,53600,93734,1
482,53790,93723,1
483,53958,93723,1
484,54159,93723,1
485,54360,93723,1
486,54539,93734,2
487,54718,93734,2
488,54897,93723,1
489,55098,93723,2
490,55299,93723,2
491,55478,93734,2
492,55657,93734,2
493,55836,93723,1
494,56037,93723,2
495,56238,93723,1
496,56417,93734,2
497,56596,93734,1
498,56774,93723,1
499,56976,93723,2
500,57177,93723,2
501,57355,93734,1
502,57534,93734,1
503,57713,93723,1
504,53321,93790,1
505,53489,93790,1
506,53690,93790,2
507,53891,93790,1
508,54070,93779,2
509,54260,93790,1
510,54427,93790,1
511,54628,93790,1
512,54830,93790,1
513,55008,93779,1
514,55198,93790,2
515,55366,93790,3
516,55567,93790,2
517,55768,93790,2
518,55936,93790,1
519,56137,93790,2
520,56305,93790,1
521,56506,93790,2
522,56707,93790,1
523,56875,93790,1
524,57076,93790,2
525,57244,93790,2
526,57445,93790,1
527,57646,93790,1
528,53421,93857,1
529,53600,93846,2
530,53779,93846,1
531,53980,93846,3
532,54159,93857,1
533,54360,93857,1
534,54539,93846,2
535,54718,93846,1
536,54919,93846,1
537,55098,93857,2
538,55299,93857,3
539,55478,93846,1
540,55657,93846,2
541,55836,93857,1
542,56037,93857,2
543,56238,93857,1
544,56417,93846,1
545,56596,93846,1
546,56774,93857,2
547,56976,93857,2
548,57177,93857,2
549,57355,93846,1
550,57534,93846,1
551,57713,93857,2
552,53321,93891,1
553,53522,93891,1
554,53690,93891,2
555,53857,93891,1
556,54058,93891,3
557,54260,93891,1
558,54461,93891,2
559,54628,93891,2
560,54796,93891,1
561,54997,93891,1
562,55198,93891,2
563,55400,93891,3
564,55567,93891,2
565,55735,93891,1
566,55936,93891,2
567,56137,93891,2
568,56338,93891,1
569,56506,93891,1
570,56674,93891,1
571,56875,93891,1
572,57076,93891,2
573,57277,93891,2
574,57445,93891,1
575,57613,93891,1
576,53421,93958,1
577,53589,93958,2
578,53790,93958,1
579,53991,93958,2
580,54159,93958,2
581,54327,93958,1
582,54528,93958,2
583,54729,93958,1
584,54930,93958,2
585,55098,93958,1
586,55266,93958,1
587,55467,93958,1
588,55668,93958,2
589,55869,93958,2
590,56037,93958,1
591,56204,93958,2
592,56406,93958,1
593,56607,93958,1
594,56808,93958,2
595,56976,93958,2
596,57143,93958,3
597,57344,93958,1
598,57545,93958,1
599,57747,93958,1
600,53321,93991,1
601,53511,94002,2
602,53690,93991,1
603,53891,93991,2
604,54070,94002,2
605,54248,94002,2
606,54427,93991,1
607,54628,93991,1
608,54830,93991,2
609,55008,94002,1
610,55187,94002,2
611,55366,93991,2
612,55567,93991,2
613,55768,93991,1
614,55947,94002,2
615,56126,94002,2
616,56305,93991,1
617,56506,93991,1
618,56707,93991,2
619,56886,94002,1
620,57065,94002,2
621,57244,93991,2
622,57445,93991,1
623,57646,93991,1
624,53421,94058,2
625,53623,94058,1
626,53790,94058,2
627,53958,94058,2
628,54159,94058,2
629,54360,94058,1
630,54539,94047,1
631,54729,94058,2
632,54897,94058,2
633,55098,94058,1
634,55299,94058,2
635,55467,94058,2
636,55668,94058,2
637,55836,94058,2
638,56037,94058,2
639,56238,94058,2
640,56406,94058,2
641,56607,94058,1
642,56774,94058,2
643,56976,94058,2
644,57177,94058,2
645,57344,94058,2
646,57545,94058,1
647,57713,94058,1
648,53310,94114,1
649,53511,94114,2
650,53690,94125,1
651,53891,94125,2
652,54070,94114,1
653,54248,94114,2
654,54450,94114,1
655,54628,94125,2
656,54830,94125,2
657,55008,94114,1
658,55187,94114,1
659,55366,94125,2
660,55567,94125,3
661,55768,94125,1
662,55947,94114,2
663,56126,94114,2
664,56305,94125,1
665,56506,94125,1
666,56707,94125,2
667,56886,94114,1
668,57065,94114,1
669,57244,94125,2
670,57445,94125,2
671,57646,94125,2
672,53388,94159,1
673,53589,94159,1
674,53790,94159,2
675,53991,94159,1
676,54159,94159,1
677,54327,94159,1
678,54528,94159,2
679,54729,94159,2
680,54930,94159,2
681,55098,94159,2
682,55266,94159,1
683,55467,94159,3
684,55668,94159,2
685,55869,94159,2
686,56037,94159,2
687,56204,94159,2
688,56406,94159,2
689,56607,94159,1
690,56808,94159,2
691,56976,94159,1
692,57143,94159,2
693,57344,94159,2
694,57545,94159,1
695,57747,94159,1
696,53321,94226,1
697,53522,94226,2
698,53690,94226,2
699,53857,94226,1
700,54058,94226,1
701,54260,94226,1
702,54461,94226,1
703,54628,94226,2
704,54796,94226,3
705,54997,94226,1
706,55198,94226,1
707,55400,94226,2
708,55567,94226,2
709,55735,94226,2
710,55936,94226,2
711,56137,94226,2
712,56338,94226,1
713,56506,94226,1
714,56674,94226,1
715,56875,94226,1
716,57076,94226,1
717,57277,94226,2
718,57445,94226,1
719,57613,94226,1
720,53421,94259,2
721,53600,94271,2
722,53779,94271,2
723,53980,94271,1
724,54159,94259,1
725,54360,94259,1
726,54539,94271,2
727,54718,94271,3
728,54919,94271,2
729,55098,94259,2
730,55299,94259,1
731,55478,94271,2
732,55657,94271,2
733,55836,94259,2
734,56037,94259,1
735,56238,94259,1
736,56417,94271,2
737,56596,94271,1
738,56774,94259,2
739,56976,94259,1
740,57177,94259,2
741,57355,94271,3
742,57534,94271,1
743,57713,94259,1
744,53321,94326,2
745,53489,94326,2
746,53690,94326,2
747,53891,94326,1
748,54070,94338,1
749,54260,94326,1
750,54427,94326,1
751,54628,94326,3
752,54830,94326,2
753,55008,94338,2
754,55198,94326,2
755,55366,94326,1
756,55567,94326,2
757,55768,94326,2
758,55936,94326,1
759,56137,94326,2
760,56305,94326,2
761,56506,94326,2
762,56707,94326,1
763,56875,94326,1
764,57076,94326,1
765,57244,94326,2
766,57445,94326,1
767,57646,94326,1
768,53421,94394,2
769,53600,94382,2
770,53790,94394,2
771,53958,94394,1
772,54159,94394,1
773,54360,94394,2
774,54539,94382,2
775,54718,94382,2
776,54897,94394,2
777,55098,94394,2
778,55299,94394,2
779,55478,94382,1
780,55657,94382,2
781,55836,94394,3
782,56037,94394,2
783,56238,94394,1
784,56417,94382,1
785,56596,94382,1
786,56774,94394,2
787,56976,94394,2
788,57177,94394,1
789,57355,94382,1
790,57534,94382,2
791,57713,94394,1
792,53321,94427,2
793,53522,94427,1
794,53690,94427,1
795,53891,94427,2
796,54058,94427,1
797,54260,94427,2
798,54461,94427,2
799,54628,94427,1
800,54796,94427,2
801,54997,94427,2
802,55198,94427,2
803,55400,94427,2
804,55567,94427,1
805,55735,94427,2
806,55936,94427,2
807,56137,94427,2
808,56338,94427,1
809,56506,94427,1
810,56674,94427,1
811,56875,94427,1
812,57076,94427,1
813,57277,94427,2
814,57445,94427,1
815,57613,94427,1
816,53388,94494,2
817,53589,94494,1
818,53790,94494,2
819,53991,94494,1
820,54159,94494,2
821,54327,94494,2
822,54528,94494,2
823,54729,94494,1
824,54930,94494,2
825,55098,94494,2
826,55266,94494,1
827,55467,94494,2
828,55668,94494,2
829,55869,94494,2
830,56037,94494,2
831,56204,94494,2
832,56406,94494,1
833,56607,94494,1
834,56808,94494,2
835,56976,94494,1
836,57143,94494,1
837,57344,94494,1
838,57545,94494,2
839,57747,94494,1
840,53310,94539,2
841,53511,94539,1
842,53690,94528,1
843,53891,94528,2
844,54070,94539,2
845,54248,94539,2
846,54450,94539,2
847,54628,94528,2
848,54830,94528,2
849,55008,94539,2
850,55187,94539,2
851,55388,94539,2
852,55567,94528,1
853,55768,94528,2
854,55947,94539,2
855,56126,94539,2
856,56305,94528,1
857,56506,94528,1
858,56707,94528,1
859,56886,94539,1
860,57065,94539,1
861,57244,94528,2
862,57445,94528,2
863,57624,94539,1
864,53421,94595,2
865,53600,94606,1
866,53790,94595,2
867,53958,94595,1
868,54159,94595,2
869,54360,94595,2
870,54539,94606,2
871,54729,94595,2
872,54897,94595,1
873,55098,94595,2
874,55299,94595,2
875,55478,94606,2
876,55668,94595,2
877,55836,94595,2
878,56037,94595,2
879,56238,94595,2
880,56406,94595,1
881,56607,94595,1
882,56774,94595,2
883,56976,94595,1
884,57177,94595,2
885,57344,94595,1
886,57534,94606,2
887,57713,94595,1
888,53321,94662,1
889,53489,94662,2
890,53690,94662,2
891,53891,94662,1
892,54070,94651,2
893,54260,94662,2
894,54427,94662,2
895,54628,94662,1
896,54830,94662,2
897,55008,94651,2
898,55187,94651,2
899,55366,94662,2
900,55567,94662,1
901,55768,94662,2
902,55947,94651,2
903,56126,94651,1
904,56305,94662,1
905,56506,94662,1
906,56707,94662,1
907,56886,94651,1
908,57065,94651,1
909,57244,94662,2
910,57445,94662,2
911,57646,94662,1
912,53421,94695,1
913,53589,94695,2
914,53790,94695,2
915,53991,94695,2
916,54159,94695,2
917,54360,94695,1
918,54528,94695,2
919,54729,94695,2
920,54930,94695,2
921,55098,94695,2
922,55266,94695,3
923,55467,94695,2
924,55668,94695,1
925,55869,94695,1
926,56037,94695,2
927,56204,94695,2
928,56406,94695,1
929,56607,94695,1
930,56808,94695,2
931,56976,94695,1
932,57143,94695,2
933,57344,94695,1
934,57545,94695,2
935,57747,94695,1
936,53321,94762,1
937,53522,94762,1
938,53690,94762,2
939,53857,94762,1
940,54058,94762,2
941,54260,94762,1
942,54461,94762,2
943,54628,94762,1
944,54796,94762,2
945,54997,94762,2
946,55198,94762,2
947,55400,94762,2
948,55567,94762,2
949,55735,94762,2
950,55936,94762,1
951,56137,94762,2
952,56338,94762,1
953,56506,94762,1
954,56674,94762,2
955,56875,94762,1
956,57076,94762,2
957,57277,94762,2
958,57445,94762,2
959,57613,94762,1
960,53421,94796,1
961,53600,94807,1
962,53779,94807,1
963,53980,94807,2
964,54159,94796,2
965,54360,94796,2
966,54539,94807,2
967,54718,94807,2
968,54919,94807,2
969,55098,94796,1
970,55299,94796,2
971,55478,94807,2
972,55657,94807,1
973,55858,94807,1
974,56037,94796,1
975,56216,94807,1
976,56417,94807,1
977,56596,94807,1
978,56797,94807,2
979,56976,94796,1
980,57154,94807,2
981,57355,94807,2
982,57534,94807,1
983,57713,94796,1
984,53321,94863,1
985,53489,94863,2
986,53690,94863,1
987,53891,94863,2
988,54070,94874,2
989,54260,94863,1
990,54427,94863,2
991,54628,94863,1
992,54830,94863,2
993,55008,94874,2
994,55198,94863,1
995,55366,94863,3
996,55567,94863,2
997,55768,94863,1
998,55947,94874,1
999,56126,94874,2
1000,56305,94863,1
1001,56506,94863,1
1002,56707,94863,2
1003,56886,94874,1
1004,57065,94874,1
1005,57244,94863,2
1006,57445,94863,1
1007,57646,94863,1
1008,53421,94930,1
1009,53600,94919,1
1010,53790,94930,2
1011,53958,94930,2
1012,54159,94930,2
1013,54360,94930,1
1014,54539,94919,2
1015,54729,94930,2
1016,54897,94930,1
1017,55098,94930,2
1018,55299,94930,2
1019,55478,94919,2
1020,55668,94930,1
1021,55836,94930,1
1022,56037,94930,1
1023,56238,94930,2
1024,56417,94919,1
1025,56596,94919,1
1026,56774,94930,1
1027,56976,94930,1
1028,57177,94930,2
1029,57344,94930,1
1030,57534,94919,2
1031,57713,94930,1
1032,53310,94986,1
1033,53511,94986,1
1034,53690,94997,1
1035,53891,94997,2
1036,54070,94986,2
1037,54248,94986,1
1038,54450,94986,2
1039,54628,94997,1
1040,54830,94997,2
1041,55008,94986,1
1042,55187,94986,2
1043,55388,94986,2
1044,55567,94997,1
1045,55768,94997,1
1046,55947,94986,1
1047,56126,94986,1
1048,56327,94986,1
1049,56506,94997,1
1050,56685,94986,2
1051,56886,94986,1
1052,57065,94986,1
1053,57244,94997,2
1054,57445,94997,1
1055,57624,94986,1
1056,53388,95031,1
1057,53589,95031,1
1058,53790,95031,1
1059,53991,95031,2
1060,54159,95031,1
1061,54327,95031,1
1062,54528,95031,2
1063,54729,95031,1
1064,54930,95031,2
1065,55098,95031,1
1066,55266,95031,1
1067,55467,95031,2
1068,55668,95031,1
1069,55869,95031,1
1070,56037,95031,2
1071,56204,95031,2
1072,56406,95031,1
1073,56607,95031,2
1074,56808,95031,1
1075,56976,95031,1
1076,57143,95031,2
1077,57344,95031,1
1078,57545,95031,1
1079,57747,95031,1
1080,53321,95098,1
1081,53522,95098,1
1082,53690,95098,1
1083,53891,95098,1
1084,54058,95098,2
1085,54260,95098,1
1086,54461,95098,2
1087,54628,95098,2
1088,54830,95098,2
1089,54997,95098,2
1090,55198,95098,1
1091,55400,95098,1
1092,55567,95098,1
1093,55735,95098,1
1094,55936,95098,1
1095,56137,95098,1
1096,56338,95098,2
1097,56506,95098,1
1098,56674,95098,2
1099,56875,95098,1
1100,57076,95098,2
1101,57277,95098,1
1102,57445,95098,1
1103,57613,95098,1
1104,53421,95131,1
1105,53600,95142,1
1106,53790,95131,1
1107,53958,95131,2
1108,54159,95131,2
1109,54360,95131,1
1110,54539,95142,2
1111,54729,95131,1
1112,54897,95131,2
1113,55098,95131,2
1114,55299,95131,1
1115,55478,95142,2
1116,55657,95142,1
1117,55836,95131,1
1118,56037,95131,1
1119,56238,95131,2
1120,56417,95142,1
1121,56596,95142,2
1122,56774,95131,1
1123,56976,95131,2
1124,57177,95131,1
1125,57355,95142,1
1126,57534,95142,1
1127,57713,95131,2
1128,53321,95198,2
1129,53489,95198,1
1130,53690,95198,1
1131,53891,95198,1
1132,54070,95187,2
1133,54260,95198,1
1134,54427,95198,2
1135,54628,95198,2
1136,54830,95198,2
1137,55008,95187,1
1138,55198,95198,2
1139,55366,95198,2
1140,55567,95198,1
1141,55768,95198,1
1142,55947,95187,1
1143,56137,95198,2
1144,56305,95198,2
1145,56506,95198,1
1146,56707,95198,1
1147,56875,95198,2
1148,57065,95187,2
1149,57244,95198,1
1150,57445,95198,1
1151,57646,95198,1
1152,53421,95265,1
1153,53600,95254,1
1154,53779,95254,1
1155,53980,95254,2
1156,54159,95265,1
1157,54360,95265,1
1158,54539,95254,2
1159,54718,95254,2
1160,54919,95254,2
1161,55098,95265,1
1162,55299,95265,1
1163,55478,95254,2
1164,55657,95254,1
1165,55858,95254,1
1166,56037,95265,1
1167,56238,95265,2
1168,56417,95254,1
1169,56596,95254,2
1170,56774,95265,2
1171,56976,95265,2
1172,57154,95254,2
1173,57355,95254,2
1174,57534,95254,1
1175,57713,95265,2
1176,53321,95299,1
1177,53522,95299,1
1178,53690,95299,1
1179,53857,95299,1
1180,54058,95299,2
1181,54260,95299,2
1182,54461,95299,2
1183,54628,95299,2
1184,54796,95299,1
1185,54997,95299,2
1186,55198,95299,1
1187,55400,95299,2
1188,55567,95299,2
1189,55735,95299,2
1190,55936,95299,1
1191,56137,95299,1
1192,56338,95299,1
1193,56506,95299,1
1194,56674,95299,1
1195,56875,95299,1
1196,57076,95299,1
1197,57277,95299,2
1198,57445,95299,2
1199,57613,95299,2
1200,53421,95366,1
1201,53589,95366,1
1202,53790,95366,1
1203,53991,95366,2
1204,54159,95366,1
1205,54327,95366,2
1206,54528,95366,1
1207,54729,95366,1
1208,54930,95366,2
1209,55098,95366,2
1210,55266,95366,2
1211,55467,95366,2
1212,55668,95366,1
1213,55869,95366,1
1214,56037,95366,1
1215,56204,95366,2
1216,56406,95366,1
1217,56607,95366,2
1218,56808,95366,2
1219,56976,95366,2
1220,57143,95366,3
1221,57344,95366,2
1222,57545,95366,2
1223,57747,95366,2
1224,53321,95399,1
1225,53511,95411,1
1226,53690,95399,1
1227,53891,95399,1
1228,54070,95411,1
1229,54248,95411,2
1230,54427,95399,2
1231,54628,95399,2
1232,54830,95399,1
1233,55008,95411,1
1234,55187,95411,2
1235,55366,95399,3
1236,55567,95399,2
1237,55768,95399,2
1238,55947,95411,2
1239,56126,95411,1
1240,56305,95399,1
1241,56506,95399,1
1242,56707,95399,2
1243,56886,95411,2
1244,57065,95411,1
1245,57244,95399,1
1246,57445,95399,0
1247,57646,95399,1
1248,53421,95466,1
1249,53623,95466,1
1250,53790,95466,1
1251,53958,95466,1
1252,54159,95466,2
1253,54360,95466,2
1254,54539,95455,2
1255,54729,95466,2
1256,54897,95466,1
1257,55098,95466,1
1258,55299,95466,2
1259,55467,95466,2
1260,55668,95466,1
1261,55836,95466,1
1262,56037,95466,2
1263,56238,95466,2
1264,56406,95466,1
1265,56607,95466,2
1266,56774,95466,1
1267,56976,95466,1
1268,57177,95466,1
1269,57344,95466,1
1270,57545,95466,0
1271,57713,95466,1
1272,53310,95522,1
1273,53511,95522,1
1274,53690,95533,1
1275,53891,95533,1
1276,54070,95522,2
1277,54248,95522,2
1278,54450,95522,2
1279,54628,95533,2
1280,54830,95533,2
1281,55008,95522,2
1282,55187,95522,1
1283,55366,95533,1
1284,55567,95533,2
1285,55768,95533,1
1286,55947,95522,1
1287,56126,95522,1
1288,56305,95533,2
1289,56506,95533,1
1290,56707,95533,1
1291,56886,95522,1
1292,57065,95522,1
1293,57244,95533,1
1294,57445,95533,0
1295,57646,95533,1
1296,53388,95567,1
1297,53589,95567,1
1298,53790,95567,1
1299,53991,95567,1
1300,54159,95567,2
1301,54327,95567,2
1302,54528,95567,2
1303,54729,95567,2
1304,54930,95567,1
1305,55098,95567,2
1306,55266,95567,1
1307,55467,95567,2
1308,55668,95567,2
1309,55869,95567,1
1310,56037,95567,1
1311,56204,95567,2
1312,56406,95567,1
1313,56607,95567,2
1314,56808,95567,1
1315,56976,95567,1
1316,57143,95567,1
1317,57344,95567,1
1318,57545,95567,1
1319,57747,95567,1
1320,53321,95634,1
1321,53522,95634,1
1322,53690,95634,1
1323,53857,95634,1
1324,54058,95634,1
1325,54260,95634,2
1326,54461,95634,2
1327,54628,95634,1
1328,54796,95634,1
1329,54997,95634,1
1330,55198,95634,1
1331,55400,95634,1
1332,55567,95634,2
1333,55735,95634,1
1334,55936,95634,1
1335,56137,95634,1
1336,56338,95634,2
1337,56506,95634,2
1338,56674,95634,1
1339,56875,95634,1
1340,57076,95634,1
1341,57277,95634,1
1342,57445,95634,1
1343,57613,95634,1
1344,53421,95668,1
1345,53600,95679,1
1346,53779,95679,1
1347,53980,95679,2
1348,54159,95668,1
1349,54360,95668,2
1350,54539,95679,2
1351,54718,95679,2
1352,54897,95668,2
1353,55098,95668,1
1354,55299,95668,1
1355,55478,95679,2
1356,55657,95679,2
1357,55836,95668,2
1358,56037,95668,1
1359,56238,95668,1
1360,56417,95679,0
1361,56596,95679,1
1362,56774,95668,1
1363,56976,95668,1
1364,57177,95668,1
1365,57355,95679,1
1366,57534,95679,1
1367,57713,95668,1
1368,53321,95735,1
1369,53489,95735,1
1370,53690,95735,1
1371,53891,95735,1
1372,54092,95735,2
1373,54260,95735,2
1374,54427,95735,2
1375,54628,95735,2
1376,54830,95735,1
1377,54997,95735,1
1378,55198,95735,2
1379,55366,95735,2
1380,55567,95735,2
1381,55768,95735,1
1382,55936,95735,1
1383,56137,95735,1
1384,56305,95735,1
1385,56506,95735,2
1386,56707,95735,1
1387,56875,95735,1
1388,57076,95735,1
1389,57244,95735,1
1390,57445,95735,1
1391,57646,95735,1
1392,53421,95802,1
1393,53600,95791,1
1394,53779,95791,1
1395,53980,95791,2
1396,54159,95802,2
1397,54360,95802,2
1398,54539,95791,2
1399,54718,95791,2
1400,54897,95802,2
1401,55098,95802,1
1402,55299,95802,1
1403,55478,95791,2
1404,55657,95791,1
1405,55836,95802,1
1406,56037,95802,1
1407,56238,95802,2
1408,56417,95791,2
1409,56596,95791,1
1410,56774,95802,1
1411,56976,95802,1
1412,57177,95802,1
1413,57355,95791,1
1414,57534,95791,1
1415,57713,95802,1
1416,53321,95835,2
1417,53522,95835,1
1418,53690,95835,1
1419,53857,95835,1
1420,54058,95835,2
1421,54260,95835,2
1422,54461,95835,2
1423,54628,95835,2
1424,54796,95835,1
1425,54997,95835,1
1426,55198,95835,1
1427,55400,95835,1
1428,55567,95835,2
1429,55735,95835,1
1430,55936,95835,1
1431,56137,95835,1
1432,56338,95835,2
1433,56506,95835,1
1434,56674,95835,1
1435,56875,95835,1
1436,57076,95835,1
1437,57277,95835,1
1438,57445,95835,1
1439,57613,95835,1
1440,53388,95902,1
1441,53589,95902,1
1442,53790,95902,1
1443,53991,95902,2
1444,54159,95902,1
1445,54327,95902,2
1446,54528,95902,1
1447,54729,95902,2
1448,54930,95902,1
1449,55098,95902,1
1450,55266,95902,1
1451,55467,95902,2
1452,55668,95902,1
1453,55869,95902,1
1454,56037,95902,1
1455,56204,95902,2
1456,56406,95902,2
1457,56607,95902,1
1458,56808,95902,1
1459,56976,95902,1
1460,57143,95902,1
1461,57344,95902,1
1462,57545,95902,1
1463,57747,95902,1
1464,53310,95947,1
1465,53511,95947,1
1466,53690,95936,1
1467,53891,95936,1
1468,54070,95947,2
1469,54248,95947,1
1470,54450,95947,1
1471,54628,95936,1
1472,54830,95936,2
1473,55008,95947,1
1474,55187,95947,1
1475,55388,95947,1
1476,55567,95936,2
1477,55768,95936,1
1478,55947,95947,1
1479,56126,95947,1
1480,56305,95936,2
1481,56506,95936,2
1482,56707,95936,2
1483,56886,95947,1
1484,57065,95947,1
1485,57244,95936,1
1486,57445,95936,1
1487,57624,95947,1
1488,53421,96003,1
1489,53600,96014,1
1490,53790,96003,1
1491,53958,96003,2
1492,54159,96003,2
1493,54360,96003,1
1494,54539,96014,1
1495,54729,96003,1
1496,54897,96003,1
1497,55098,96003,1
1498,55299,96003,1
1499,55478,96014,2
1500,55668,96003,1
1501,55836,96003,1
1502,56037,96003,1
1503,56238,96003,2
1504,56406,96003,2
1505,56607,96003,2
1506,56774,96003,2
1507,56976,96003,1
1508,57177,96003,1
1509,57344,96003,1
1510,57534,96014,1
1511,57713,96003,1
1512,53321,96070,1
1513,53489,96070,1
1514,53690,96070,1
1515,53891,96070,1
1516,54070,96059,2
1517,54260,96070,2
1518,54427,96070,1
1519,54628,96070,2
1520,54830,96070,2
1521,55008,96059,1
1522,55187,96059,1
1523,55366,96070,2
1524,55567,96070,1
1525,55768,96070,1
1526,55947,96059,1
1527,56126,96059,1
1528,56305,96070,0
1529,56506,96070,1
1530,56707,96070,2
1531,56886,96059,2
1532,57065,96059,1
1533,57244,96070,1
1534,57445,96070,1
1535,57646,96070,1
1536,53421,96103,1
1537,53589,96103,1
1538,53790,96103,1
1539,53991,96103,2
1540,54159,96103,1
1541,54360,96103,1
1542,54528,96103,1
1543,54729,96103,1
1544,54930,96103,1
1545,55098,96103,1
1546,55266,96103,2
1547,55467,96103,2
1548,55668,96103,1
1549,55869,96103,1
1550,56037,96103,1
1551,56204,96103,2
1552,56406,96103,1
1553,56607,96103,1
1554,56808,96103,2
1555,56976,96103,2
1556,57143,96103,1
1557,57344,96103,1
1558,57545,96103,1
1559,57747,96103,1
1560,53321,96171,1
1561,53522,96171,1
1562,53690,96171,1
1563,53857,96171,1
1564,54058,96171,2
1565,54260,96171,2
1566,54461,96171,2
1567,54628,96171,1
1568,54796,96171,2
1569,54997,96171,1
1570,55198,96171,1
1571,55400,96171,1
1572,55567,96171,2
1573,55735,96171,2
1574,55936,96171,1
1575,56137,96171,2
1576,56338,96171,1
1577,56506,96171,2
1578,56674,96171,1
1579,56875,96171,1
1580,57076,96171,2
1581,57277,96171,1
1582,57445,96171,1
1583,57613,96171,1
1584,53421,96204,1
1585,53600,96215,1
1586,53779,96215,1
1587,53980,96215,2
1588,54159,96204,2
1589,54360,96204,1
1590,54539,96215,1
1591,54718,96215,1
1592,54919,96215,2
1593,55098,96204,1
1594,55299,96204,1
1595,55478,96215,2
1596,55657,96215,2
1597,55858,96215,2
1598,56037,96204,2
1599,56238,96204,1
1600,56417,96215,1
1601,56596,96215,1
1602,56774,96204,1
1603,56976,96204,1
1604,57154,96215,2
1605,57355,96215,1
1606,57534,96215,1
1607,57713,96204,1
1608,53321,96271,1
1609,53489,96271,1
1610,53690,96271,1
1611,53891,96271,1
1612,54070,96282,2
1613,54260,96271,1
1614,54427,96271,1
1615,54628,96271,1
1616,54830,96271,2
1617,55008,96282,1
1618,55198,96271,1
1619,55366,96271,2
1620,55567,96271,2
1621,55768,96271,1
1622,55947,96282,2
1623,56137,96271,1
1624,56305,96271,1
1625,56506,96271,1
1626,56707,96271,1
1627,56875,96271,1
1628,57065,96282,1
1629,57244,96271,2
1630,57445,96271,1
1631,57646,96271,1
1632,53421,96338,1
1633,53600,96327,1
1634,53790,96338,1
1635,53958,96338,2
1636,54159,96338,1
1637,54360,96338,1
1638,54539,96327,1
1639,54729,96338,1
1640,54897,96338,2
1641,55098,96338,2
1642,55299,96338,2
1643,55478,96327,1
1644,55657,96327,1
1645,55836,96338,2
1646,56037,96338,2
1647,56238,96338,1
1648,56417,96327,1
1649,56596,96327,1
1650,56774,96338,1
1651,56976,96338,1
1652,57177,96338,1
1653,57355,96327,1
1654,57534,96327,1
1655,57713,96338,1
1656,53310,96394,2
1657,53511,96394,1
1658,53690,96405,1
1659,53891,96405,1
1660,54070,96394,2
1661,54248,96394,1
1662,54450,96394,1
1663,54628,96405,2
1664,54830,96405,1
1665,55008,96394,2
1666,55187,96394,1
1667,55388,96394,1
1668,55567,96405,2
1669,55746,96394,2
1670,55947,96394,2
1671,56126,96394,1
1672,56327,96394,1
1673,56506,96405,1
1674,56685,96394,1
1675,56886,96394,1
1676,57065,96394,1
1677,57266,96394,2
1678,57445,96405,1
1679,57624,96394,1
1680,53388,96439,2
1681,53589,96439,1
1682,53790,96439,1
1683,53991,96439,2
1684,54159,96439,2
1685,54327,96439,2
1686,54528,96439,2
1687,54729,96439,2
1688,54930,96439,1
1689,55098,96439,1
1690,55266,96439,1
1691,55467,96439,2
1692,55668,96439,2
1693,55869,96439,2
1694,56037,96439,2
1695,56204,96439,1
1696,56406,96439,1
1697,56607,96439,2
1698,56808,96439,1
1699,56976,96439,1
1700,57143,96439,1
1701,57344,96439,1
1702,57545,96439,1
1703,57747,96439,1
1704,53321,96506,1
1705,53522,96506,2
1706,53690,96506,1
1707,53891,96506,1
1708,54058,96506,2
1709,54260,96506,1
1710,54461,96506,1
1711,54628,96506,2
1712,54830,96506,1
1713,54997,96506,1
1714,55198,96506,2
1715,55400,96506,2
1716,55567,96506,2
1717,55735,96506,1
1718,55936,96506,2
1719,56137,96506,2
1720,56338,96506,1
1721,56506,96506,2
1722,56674,96506,1
1723,56875,96506,1
1724,57076,96506,1
1725,57277,96506,1
1726,57445,96506,1
1727,57613,96506,1
1728,53421,96539,2
1729,53600,96551,1
1730,53790,96539,1
1731,53958,96539,2
1732,54159,96539,1
1733,54360,96539,1
1734,54539,96551,2
1735,54729,96539,1
1736,54897,96539,1
1737,55098,96539,1
1738,55299,96539,1
1739,55478,96551,2
1740,55657,96551,1
1741,55836,96539,1
1742,56037,96539,2
1743,56238,96539,1
1744,56417,96551,2
1745,56596,96551,1
1746,56774,96539,2
1747,56976,96539,1
1748,57177,96539,1
1749,57355,96551,1
1750,57534,96551,1
1751,57713,96539,1
1752,53321,96606,1
1753,53489,96606,2
1754,53690,96606,1
1755,53891,96606,1
1756,54070,96595,2
1757,54260,96606,1
1758,54427,96606,2
1759,54628,96606,2
1760,54830,96606,1
1761,55008,96595,1
1762,55198,96606,2
1763,55366,96606,2
1764,55567,96606,1
1765,55768,96606,2
1766,55947,96595,2
1767,56137,96606,2
1768,56305,96606,2
1769,56506,96606,1
1770,56707,96606,1
1771,56875,96606,1
1772,57065,96595,1
1773,57244,96606,1
1774,57445,96606,1
1775,57646,96606,1
1776,53421,96673,1
1777,53600,96662,2
1778,53779,96662,1
1779,53980,96662,2
1780,54159,96673,2
1781,54360,96673,2
1782,54539,96662,2
1783,54718,96662,2
1784,54919,96662,2
1785,55098,96673,2
1786,55299,96673,2
1787,55478,96662,1
1788,55657,96662,2
1789,55858,96662,2
1790,56037,96673,2
1791,56238,96673,2
1792,56417,96662,1
1793,56596,96662,2
1794,56774,96673,1
1795,56976,96673,1
1796,57154,96662,1
1797,57355,96662,1
1798,57534,96662,1
1799,57713,96673,1
1800,53321,96707,1
1801,53522,96707,1
1802,53690,96707,1
1803,53857,96707,1
1804,54058,96707,2
1805,54260,96707,1
1806,54461,96707,1
1807,54628,96707,2
1808,54796,96707,2
1809,54997,96707,2
1810,55198,96707,2
1811,55400,96707,1
1812,55567,96707,2
1813,55735,96707,2
1814,55936,96707,2
1815,56137,96707,1
1816,56338,96707,1
1817,56506,96707,2
1818,56674,96707,2
1819,56875,96707,2
1820,57076,96707,1
1821,57277,96707,1
1822,57445,96707,1
1823,57613,96707,1
1824,53421,96774,1
1825,53589,96774,2
1826,53790,96774,1
1827,53991,96774,1
1828,54159,96774,2
1829,54360,96774,3
1830,54528,96774,2
1831,54729,96774,2
1832,54930,96774,2
1833,55098,96774,2
1834,55266,96774,1
1835,55467,96774,1
1836,55668,96774,1
1837,55869,96774,2
1838,56037,96774,2
1839,56204,96774,1
1840,56406,96774,2
1841,56607,96774,2
1842,56808,96774,2
1843,56976,96774,2
1844,57143,96774,1
1845,57344,96774,1
1846,57545,96774,1
1847,57747,96774,1
1848,53321,96808,1
1849,53489,96808,1
1850,53690,96808,1
1851,53891,96808,1
1852,54070,96819,2
1853,54260,96808,2
1854,54427,96808,2
1855,54628,96808,2
1856,54830,96808,2
1857,55008,96819,2
1858,55187,96819,1
1859,55366,96808,1
1860,55567,96808,2
1861,55768,96808,2
1862,55947,96819,2
1863,56126,96819,2
1864,56305,96808,2
1865,56506,96808,2
1866,56707,96808,2
1867,56886,96819,1
1868,57065,96819,2
1869,57244,96808,1
1870,57445,96808,1
1871,57646,96808,1
1872,53421,96875,1
1873,53600,96863,2
1874,53790,96875,1
1875,53958,96875,1
1876,54159,96875,2
1877,54360,96875,2
1878,54539,96863,1
1879,54729,96875,1
1880,54897,96875,1
1881,55098,96875,2
1882,55299,96875,2
1883,55478,96863,2
1884,55668,96875,1
1885,55836,96875,3
1886,56037,96875,2
1887,56238,96875,2
1888,56406,96875,2
1889,56607,96875,1
1890,56774,96875,1
1891,56976,96875,1
1892,57177,96875,2
1893,57344,96875,2
1894,57534,96863,1
1895,57713,96875,1
1896,53310,96931,1
1897,53511,96931,1
1898,53690,96942,1
1899,53891,96942,1
1900,54070,96931,3
1901,54248,96931,2
1902,54450,96931,1
1903,54628,96942,1
1904,54830,96942,1
1905,55008,96931,1
1906,55187,96931,1
1907,55388,96931,1
1908,55567,96942,1
1909,55768,96942,1
1910,55947,96931,2
1911,56126,96931,2
1912,56305,96942,1
1913,56506,96942,2
1914,56707,96942,1
1915,56886,96931,1
1916,57065,96931,1
1917,57244,96942,2
1918,57445,96942,2
1919,57624,96931,1
1920,53388,96975,1
1921,53589,96975,2
1922,53790,96975,1
1923,53991,96975,2
1924,54159,96975,2
1925,54327,96975,1
1926,54528,96975,1
1927,54729,96975,2
1928,54930,96975,2
1929,55098,96975,1
1930,55266,96975,2
1931,55467,96975,1
1932,55668,96975,1
1933,55869,96975,1
1934,56037,96975,2
1935,56204,96975,2
1936,56406,96975,1
1937,56607,96975,2
1938,56808,96975,1
1939,56976,96975,1
1940,57143,96975,1
1941,57344,96975,1
1942,57545,96975,2
1943,57747,96975,2
1944,53321,97042,1
1945,53522,97042,1
1946,53690,97042,1
1947,53857,97042,1
1948,54058,97042,2
1949,54260,97042,1
1950,54461,97042,1
1951,54628,97042,2
1952,54796,97042,2
1953,54997,97042,2
1954,55198,97042,1
1955,55400,97042,1
1956,55567,97042,1
1957,55735,97042,1
1958,55936,97042,1
1959,56137,97042,2
1960,56338,97042,2
1961,56506,97042,1
1962,56674,97042,2
1963,56875,97042,1
1964,57076,97042,1
1965,57277,97042,1
1966,57445,97042,1
1967,57613,97042,2
1968,53421,97076,1
1969,53600,97087,1
1970,53779,97087,1
1971,53980,97087,2
1972,54159,97076,1
1973,54360,97076,1
1974,54539,97087,2
1975,54718,97087,1
1976,54897,97076,2
1977,55098,97076,2
1978,55299,97076,2
1979,55478,97087,1
1980,55657,97087,1
1981,55836,97076,1
1982,56037,97076,1
1983,56238,97076,3
1984,56417,97087,2
1985,56596,97087,1
1986,56774,97076,1
1987,56976,97076,1
1988,57177,97076,1
1989,57355,97087,1
1990,57534,97087,1
1991,57713,97076,2
1992,53321,97143,1
1993,53489,97143,1
1994,53690,97143,1
1995,53891,97143,1
1996,54092,97143,1
1997,54260,97143,2
1998,54427,97143,2
1999,54628,97143,2
2000,54830,97143,2
2001,54997,97143,2
2002,55198,97143,1
2003,55366,97143,2
2004,55567,97143,1
2005,55768,97143,1
2006,55936,97143,1
2007,56137,97143,2
2008,56305,97143,2
2009,56506,97143,2
2010,56707,97143,1
2011,56875,97143,1
2012,57076,97143,1
2013,57244,97143,1
2014,57445,97143,1
2015,57646,97143,1
2016,53421,97210,2
2017,53600,97199,1
2018,53779,97199,1
2019,53980,97199,1
2020,54159,97210,2
2021,54360,97210,2
2022,54539,97199,2
2023,54718,97199,2
2024,54897,97210,2
2025,55098,97210,2
2026,55299,97210,1
2027,55478,97199,2
2028,55657,97199,1
2029,55836,97210,1
2030,56037,97210,3
2031,56238,97210,1
2032,56417,97199,2
2033,56596,97199,1
2034,56774,97210,1
2035,56976,97210,1
2036,57177,97210,1
2037,57355,97199,1
2038,57534,97199,1
2039,57713,97210,2
2040,53321,97243,2
2041,53522,97243,2
2042,53690,97243,1
2043,53857,97243,1
2044,54058,97243,2
2045,54260,97243,3
2046,54461,97243,2
2047,54628,97243,2
2048,54796,97243,2
2049,54997,97243,1
2050,55198,97243,1
2051,55400,97243,2
2052,55567,97243,1
2053,55735,97243,1
2054,55936,97243,2
2055,56137,97243,2
2056,56338,97243,2
2057,56506,97243,2
2058,56674,97243,1
2059,56875,97243,1
2060,57076,97243,1
2061,57277,97243,1
2062,57445,97243,1
2063,57613,97243,1
2064,53388,97311,2
2065,53589,97311,2
2066,53790,97311,1
2067,53991,97311,1
2068,54159,97311,2
2069,54327,97311,2
2070,54528,97311,2
2071,54729,97311,2
2072,54930,97311,1
2073,55098,97311,2
2074,55266,97311,1
2075,55467,97311,2
2076,55668,97311,2
2077,55869,97311,2
2078,56037,97311,2
2079,56204,97311,2
2080,56406,97311,2
2081,56607,97311,1
2082,56808,97311,1
2083,56976,97311,1
2084,57143,97311,1
2085,57344,97311,1
2086,57545,97311,1
2087,57747,97311,1
2088,53310,97355,1
2089,53511,97355,2
2090,53690,97344,2
2091,53891,97344,1
2092,54070,97355,1
2093,54248,97355,2
2094,54450,97355,1
2095,54628,97344,2
2096,54830,97344,2
2097,55008,97355,1
2098,55187,97355,1
2099,55366,97344,1
2100,55567,97344,1
2101,55768,97344,1
2102,55947,97355,2
2103,56126,97355,1
2104,56305,97344,2
2105,56506,97344,2
2106,56707,97344,1
2107,56886,97355,1
2108,57065,97355,2
2109,57244,97344,1
2110,57445,97344,2
2111,57646,97344,1
2112,53421,97411,1
2113,53600,97422,2
2114,53790,97411,1
2115,53958,97411,1
2116,54159,97411,1
2117,54360,97411,2
2118,54539,97422,2
2119,54729,97411,2
2120,54897,97411,2
2121,55098,97411,2
2122,55299,97411,1
2123,55467,97411,1
2124,55668,97411,1
2125,55836,97411,1
2126,56037,97411,2
2127,56238,97411,2
2128,56406,97411,2
2129,56607,97411,1
2130,56774,97411,1
2131,56976,97411,1
2132,57177,97411,1
2133,57344,97411,1
2134,57545,97411,1
2135,57713,97411,1
2136,53321,97478,1
2137,53489,97478,1
2138,53690,97478,2
2139,53891,97478,1
2140,54070,97467,2
2141,54248,97467,1
2142,54427,97478,2
2143,54628,97478,2
2144,54830,97478,2
2145,55008,97467,2
2146,55187,97467,1
2147,55366,97478,1
2148,55567,97478,1
2149,55768,97478,1
2150,55947,97467,2
2151,56126,97467,2
2152,56305,97478,1
2153,56506,97478,1
2154,56707,97478,1
2155,56886,97467,1
2156,57065,97467,1
2157,57244,97478,1
2158,57445,97478,1
2159,57646,97478,1
2160,53421,97512,1
2161,53589,97512,1
2162,53790,97512,2
2163,53991,97512,2
2164,54159,97512,2
2165,54327,97512,2
2166,54528,97512,2
2167,54729,97512,1
2168,54930,97512,2
2169,55098,97512,2
2170,55266,97512,1
2171,55467,97512,2
2172,55668,97512,1
2173,55869,97512,1
2174,56037,97512,1
2175,56204,97512,1
2176,56406,97512,1
2177,56607,97512,1
2178,56808,97512,1
2179,56976,97512,1
2180,57143,97512,1
2181,57344,97512,2
2182,57545,97512,1
2183,57747,97512,1
2184,53321,97579,1
2185,53522,97579,1
2186,53690,97579,1
2187,53857,97579,1
2188,54058,97579,2
2189,54260,97579,2
2190,54461,97579,1
2191,54628,97579,2
2192,54796,97579,2
2193,54997,97579,2
2194,55198,97579,1
2195,55400,97579,1
2196,55567,97579,1
2197,55735,97579,1
2198,55936,97579,2
2199,56137,97579,1
2200,56338,97579,2
2201,56506,97579,1
2202,56674,97579,1
2203,56875,97579,2
2204,57076,97579,1
2205,57277,97579,1
2206,57445,97579,1
2207,57613,97579,2
2208,53421,97612,1
2209,53600,97623,1
2210,53779,97623,2
2211,53980,97623,2
2212,54159,97612,2
2213,54360,97612,2
2214,54539,97623,1
2215,54718,97623,2
2216,54919,97623,2
2217,55098,97612,2
2218,55299,97612,1
2219,55478,97623,1
2220,55657,97623,1
2221,55858,97623,2
2222,56037,97612,1
2223,56238,97612,1
2224,56417,97623,1
2225,56596,97623,1
2226,56774,97612,1
2227,56976,97612,2
2228,57154,97623,1
2229,57355,97623,2
2230,57534,97623,1
2231,57713,97612,2
2232,53321,97679,1
2233,53489,97679,1
2234,53690,97679,1
2235,53891,97679,2
2236,54070,97691,2
2237,54260,97679,2
2238,54427,97679,2
2239,54628,97679,2
2240,54830,97679,2
2241,55008,97691,2
2242,55198,97679,1
2243,55366,97679,1
2244,55567,97679,1
2245,55768,97679,2
2246,55947,97691,1
2247,56137,97679,1
2248,56305,97679,1
2249,56506,97679,1
2250,56707,97679,1
2251,56875,97679,2
2252,57065,97691,1
2253,57244,97679,1
2254,57445,97679,1
2255,57646,97679,2
2256,53421,97746,1
2257,53600,97735,1
2258,53790,97746,1
2259,53958,97746,2
2260,54159,97746,2
2261,54360,97746,2
2262,54539,97735,1
2263,54729,97746,2
2264,54897,97746,2
2265,55098,97746,2
2266,55299,97746,1
2267,55478,97735,1
2268,55657,97735,1
2269,55836,97746,2
2270,56037,97746,1
2271,56238,97746,1
2272,56417,97735,2
2273,56596,97735,1
2274,56774,97746,2
2275,56976,97746,1
2276,57177,97746,1
2277,57355,97735,2
2278,57534,97735,2
2279,57713,97746,1
2280,53321,97780,1
2281,53522,97780,1
2282,53690,97780,1
2283,53891,97780,2
2284,54058,97780,2
2285,54260,97780,1
2286,54461,97780,2
2287,54628,97780,2
2288,54830,97780,2
2289,54997,97780,2
2290,55198,97780,1
2291,55400,97780,1
2292,55567,97780,2
2293,55735,97780,2
2294,55936,97780,2
2295,56137,97780,1
2296,56338,97780,2
2297,56506,97780,1
2298,56674,97780,1
2299,56875,97780,2
2300,57076,97780,1
2301,57277,97780,1
2302,57445,97780,1
2303,57613,97780,2
2304,53388,97847,1
2305,53589,97847,1
2306,53790,97847,1
2307,53991,97847,2
2308,54159,97847,2
2309,54327,97847,2
2310,54528,97847,2
2311,54729,97847,1
2312,54930,97847,2
2313,55098,97847,2
2314,55266,97847,1
2315,55467,97847,1
2316,55668,97847,1
2317,55869,97847,3
2318,56037,97847,2
2319,56204,97847,2
2320,56406,97847,2
2321,56607,97847,1
2322,56808,97847,2
2323,56976,97847,1
2324,57143,97847,1
2325,57344,97847,1
2326,57545,97847,2
2327,57747,97847,1
2328,53310,97892,1
2329,53511,97892,1
2330,53690,97881,2
2331,53891,97881,2
2332,54070,97892,2
2333,54248,97892,2
2334,54450,97892,1
2335,54628,97881,2
2336,54830,97881,1
2337,55008,97892,2
2338,55187,97892,2
2339,55388,97892,1
2340,55567,97881,1
2341,55768,97881,2
2342,55947,97892,2
2343,56126,97892,2
2344,56327,97892,2
2345,56506,97881,1
2346,56685,97892,1
2347,56886,97892,1
2348,57065,97892,1
2349,57244,97881,1
2350,57445,97881,1
2351,57624,97892,1
2352,53421,97948,1
2353,53600,97959,1
2354,53790,97948,2
2355,53958,97948,2
2356,54159,97948,2
2357,54360,97948,1
2358,54539,97959,1
2359,54729,97948,2
2360,54897,97948,1
2361,55098,97948,2
2362,55299,97948,3
2363,55478,97959,2
2364,55668,97948,2
2365,55836,97948,2
2366,56037,97948,2
2367,56238,97948,2
2368,56417,97959,1
2369,56596,97959,2
2370,56774,97948,2
2371,56976,97948,1
2372,57177,97948,1
2373,57344,97948,1
2374,57534,97959,2
2375,57713,97948,1
2376,53321,98015,1
2377,53489,98015,1
2378,53690,98015,2
2379,53891,98015,1
2380,54070,98003,2
2381,54260,98015,2
2382,54427,98015,2
2383,54628,98015,1
2384,54830,98015,2
2385,55008,98003,1
2386,55198,98015,2
2387,55366,98015,2
2388,55567,98015,2
2389,55768,98015,1
2390,55947,98003,2
2391,56126,98003,2
2392,56305,98015,2
2393,56506,98015,1
2394,56707,98015,1
2395,56886,98003,1
2396,57065,98003,1
2397,57244,98015,1
2398,57445,98015,2
2399,57646,98015,1
2400,53421,98082,1
2401,53600,98071,2
2402,53779,98071,2
2403,53980,98071,1
2404,54159,98082,2
2405,54360,98082,2
2406,54539,98071,1
2407,54718,98071,1
2408,54919,98071,2
2409,55098,98082,1
2410,55299,98082,2
2411,55478,98071,2
2412,55657,98071,2
2413,55858,98071,1
2414,56037,98082,2
2415,56216,98071,2
2416,56417,98071,2
2417,56596,98071,1
2418,56797,98071,1
2419,56976,98082,1
2420,57154,98071,1
2421,57355,98071,2
2422,57534,98071,1
2423,57713,98082,1
2424,53321,98115,1
2425,53522,98115,2
2426,53690,98115,2
2427,53857,98115,2
2428,54058,98115,1
2429,54260,98115,1
2430,54461,98115,2
2431,54628,98115,1
2432,54796,98115,1
2433,54997,98115,2
2434,55198,98115,2
2435,55400,98115,2
2436,55567,98115,2
2437,55735,98115,2
2438,55936,98115,2
2439,56137,98115,2
2440,56338,98115,2
2441,56506,98115,2
2442,56674,98115,1
2443,56875,98115,1
2444,57076,98115,1
2445,57277,98115,1
2446,57445,98115,2
2447,57613,98115,2
2448,53421,98182,1
2449,53589,98182,2
2450,53790,98182,2
2451,53991,98182,2
2452,54159,98182,2
2453,54360,98182,2
2454,54528,98182,1
2455,54729,98182,1
2456,54930,98182,1
2457,55098,98182,2
2458,55266,98182,2
2459,55467,98182,1
2460,55668,98182,2
2461,55869,98182,2
2462,56037,98182,3
2463,56204,98182,2
2464,56406,98182,1
2465,56607,98182,2
2466,56808,98182,1
2467,56976,98182,1
2468,57143,98182,1
2469,57344,98182,2
2470,57545,98182,1
2471,57747,98182,1
2472,53321,98216,1
2473,53489,98216,2
2474,53690,98216,3
2475,53891,98216,2
2476,54070,98227,1
2477,54260,98216,2
2478,54427,98216,1
2479,54628,98216,2
2480,54830,98216,1
2481,55008,98227,1
2482,55187,98227,1
2483,55366,98216,2
2484,55567,98216,2
2485,55768,98216,2
2486,55947,98227,2
2487,56126,98227,2
2488,56305,98216,2
2489,56506,98216,2
2490,56707,98216,1
2491,56886,98227,1
2492,57065,98227,1
2493,57244,98216,2
2494,57445,98216,1
2495,57646,98216,1
2496,53421,98283,2
2497,53600,98272,1
2498,53790,98283,2
2499,53958,98283,2
2500,54159,98283,1
2501,54360,98283,2
2502,54539,98272,2
2503,54729,98283,2
2504,54897,98283,2
2505,55098,98283,1
2506,55299,98283,1
2507,55478,98272,2
2508,55668,98283,2
2509,55836,98283,2
2510,56037,98283,2
2511,56238,98283,2
2512,56406,98283,2
2513,56607,98283,2
2514,56774,98283,1
2515,56976,98283,1
2516,57177,98283,1
2517,57344,98283,1
2518,57534,98272,1
2519,57713,98283,1
2520,53310,98339,1
2521,53511,98339,2
2522,53690,98350,2
2523,53891,98350,2
2524,54070,98339,1
2525,54248,98339,2
2526,54450,98339,2
2527,54628,98350,2
2528,54830,98350,2
2529,55008,98339,2
2530,55187,98339,1
2531,55388,98339,1
2532,55567,98350,2
2533,55768,98350,2
2534,55947,98339,1
2535,56126,98339,2
2536,56305,98350,2
2537,56506,98350,3
2538,56707,98350,1
2539,56886,98339,1
2540,57065,98339,1
2541,57244,98350,2
2542,57445,98350,1
2543,57624,98339,1
2544,53388,98383,2
2545,53589,98383,2
2546,53790,98383,1
2547,53991,98383,3
2548,54159,98383,1
2549,54327,98383,1
2550,54528,98383,2
2551,54729,98383,2
2552,54930,98383,2
2553,55098,98383,2
2554,55266,98383,2
2555,55467,98383,2
2556,55668,98383,2
2557,55869,98383,2
2558,56037,98383,1
2559,56204,98383,2
2560,56406,98383,2
2561,56607,98383,1
2562,56808,98383,2
2563,56976,98383,1
2564,57143,98383,2
2565,57344,98383,1
2566,57545,98383,1
2567,57747,98383,1
2568,53321,98451,1
2569,53522,98451,2
2570,53690,98451,2
2571,53857,98451,2
2572,54058,98451,2
2573,54260,98451,2
2574,54461,98451,1
2575,54628,98451,2
2576,54796,98451,2
2577,54997,98451,2
2578,55198,98451,2
2579,55400,98451,1
2580,55567,98451,1
2581,55735,98451,2
2582,55936,98451,2
2583,56137,98451,1
2584,56338,98451,2
2585,56506,98451,2
2586,56674,98451,1
2587,56875,98451,1
2588,57076,98451,2
2589,57277,98451,2
2590,57445,98451,1
2591,57613,98451,2
2592,53421,98484,2
2593,53600,98495,2
2594,53779,98495,1
2595,53958,98484,2
2596,54159,98484,1
2597,54360,98484,1
2598,54539,98495,1
2599,54718,98495,2
2600,54897,98484,2
2601,55098,98484,2
2602,55299,98484,2
2603,55478,98495,2
2604,55657,98495,2
2605,55836,98484,2
2606,56037,98484,1
2607,56238,98484,1
2608,56417,98495,1
2609,56596,98495,1
2610,56774,98484,1
2611,56976,98484,1
2612,57177,98484,1
2613,57355,98495,2
2614,57534,98495,2
2615,57713,98484,2
2616,53321,98551,2
2617,53489,98551,2
2618,53690,98551,2
2619,53891,98551,2
2620,54070,98540,1
2621,54260,98551,2
2622,54427,98551,2
2623,54628,98551,1
2624,54830,98551,2
2625,54997,98551,1
2626,55198,98551,2
2627,55366,98551,1
2628,55567,98551,2
2629,55768,98551,1
2630,55936,98551,2
2631,56137,98551,1
2632,56305,98551,1
2633,56506,98551,1
2634,56707,98551,1
2635,56875,98551,1
2636,57076,98551,1
2637,57244,98551,2
2638,57445,98551,1
2639,57646,98551,1
2640,53421,98618,1
2641,53600,98607,1
2642,53779,98607,1
2643,53980,98607,2
2644,54159,98618,2
2645,54360,98618,2
2646,54539,98607,1
2647,54718,98607,1
2648,54897,98618,2
2649,55098,98618,2
2650,55299,98618,2
2651,55478,98607,2
2652,55657,98607,2
2653,55836,98618,2
2654,56037,98618,1
2655,56238,98618,2
2656,56417,98607,1
2657,56596,98607,1
2658,56774,98618,1
2659,56976,98618,1
2660,57177,98618,2
2661,57355,98607,2
2662,57534,98607,2
2663,57713,98618,1
2664,53321,98652,2
2665,53522,98652,2
2666,53690,98652,1
2667,53857,98652,2
2668,54058,98652,2
2669,54260,98652,2
2670,54461,98652,2
2671,54628,98652,2
2672,54796,98652,2
2673,54997,98652,2
2674,55198,98652,2
2675,55400,98652,1
2676,55567,98652,2
2677,55735,98652,2
2678,55936,98652,1
2679,56137,98652,2
2680,56338,98652,2
2681,56506,98652,2
2682,56674,98652,2
2683,56875,98652,1
2684,57076,98652,1
2685,57277,98652,1
2686,57445,98652,2
2687,57613,98652,1
2688,53388,98719,1
2689,53589,98719,2
2690,53790,98719,2
2691,53991,98719,2
2692,54159,98719,2
2693,54327,98719,1
2694,54528,98719,2
2695,54729,98719,2
2696,54930,98719,2
2697,55098,98719,2
2698,55266,98719,2
2699,55467,98719,2
2700,55668,98719,2
2701,55869,98719,2
2702,56037,98719,1
2703,56204,98719,2
2704,56406,98719,2
2705,56607,98719,1
2706,56808,98719,1
2707,56976,98719,1
2708,57143,98719,2
2709,57344,98719,1
2710,57545,98719,2
2711,57747,98719,2
2712,53310,98763,2
2713,53511,98763,2
2714,53690,98752,2
2715,53891,98752,3
2716,54070,98763,2
2717,54248,98763,1
2718,54450,98763,2
2719,54628,98752,2
2720,54830,98752,2
2721,55008,98763,2
2722,55187,98763,2
2723,55366,98752,2
2724,55567,98752,2
2725,55768,98752,2
2726,55947,98763,1
2727,56126,98763,1
2728,56305,98752,1
2729,56506,98752,2
2730,56707,98752,1
2731,56886,98763,2
2732,57065,98763,1
2733,57244,98752,1
2734,57445,98752,2
2735,57646,98752,1
2736,53421,98819,2
2737,53623,98819,2
2738,53790,98819,2
2739,53958,98819,2
2740,54159,98819,2
2741,54360,98819,1
2742,54539,98831,2
2743,54729,98819,2
2744,54897,98819,2
2745,55098,98819,2
2746,55299,98819,2
2747,55467,98819,2
2748,55668,98819,2
2749,55836,98819,2
2750,56037,98819,1
2751,56238,98819,1
2752,56406,98819,1
2753,56607,98819,2
2754,56774,98819,1
2755,56976,98819,2
2756,57177,98819,2
2757,57344,98819,1
2758,57545,98819,2
2759,57713,98819,2
2760,53321,98886,3
2761,53511,98875,2
2762,53690,98886,2
2763,53891,98886,2
2764,54070,98875,1
2765,54248,98875,1
2766,54427,98886,2
2767,54628,98886,2
2768,54830,98886,1
2769,55008,98875,2
2770,55187,98875,2
2771,55366,98886,2
2772,55567,98886,2
2773,55768,98886,2
2774,55947,98875,2
2775,56126,98875,2
2776,56305,98886,1
2777,56506,98886,2
2778,56707,98886,1
2779,56886,98875,2
2780,57065,98875,1
2781,57244,98886,2
2782,57445,98886,2
2783,57646,98886,1
2784,53421,98920,2
2785,53589,98920,2
2786,53790,98920,1
2787,53991,98920,1
2788,54159,98920,2
2789,54327,98920,2
2790,54528,98920,2
2791,54729,98920,1
2792,54930,98920,2
2793,55098,98920,2
2794,55266,98920,1
2795,55467,98920,1
2796,55668,98920,2
2797,55869,98920,2
2798,56037,98920,1
2799,56204,98920,1
2800,56406,98920,1
2801,56607,98920,2
2802,56808,98920,1
2803,56976,98920,2
2804,57143,98920,1
2805,57344,98920,1
2806,57545,98920,1
2807,57747,98920,2
2808,53321,98987,1
2809,53522,98987,1
2810,53690,98987,1
2811,53857,98987,1
2812,54058,98987,1
2813,54260,98987,2
2814,54461,98987,2
2815,54628,98987,2
2816,54796,98987,1
2817,54997,98987,3
2818,55198,98987,2
2819,55400,98987,1
2820,55567,98987,1
2821,55735,98987,2
2822,55936,98987,1
2823,56137,98987,1
2824,56338,98987,2
2825,56506,98987,2
2826,56674,98987,1
2827,56875,98987,1
2828,57076,98987,1
2829,57277,98987,2
2830,57445,98987,1
2831,57613,98987,1
2832,53421,99020,2
2833,53600,99032,1
2834,53779,99032,1
2835,53980,99032,1
2836,54159,99020,2
2837,54360,99020,1
2838,54539,99032,2
2839,54718,99032,1
2840,54919,99032,2
2841,55098,99020,2
2842,55299,99020,1
2843,55478,99032,1
2844,55657,99032,2
2845,55836,99020,2
2846,56037,99020,1
2847,56238,99020,2
2848,56417,99032,2
2849,56596,99032,2
2850,56774,99020,1
2851,56976,99020,2
2852,57177,99020,2
2853,57355,99032,1
2854,57534,99032,2
2855,57713,99020,2
2856,53321,99088,2
2857,53489,99088,1
2858,53690,99088,1
2859,53891,99088,2
2860,54070,99099,1
2861,54260,99088,1
2862,54427,99088,2
2863,54628,99088,2
2864,54830,99088,2
2865,55008,99099,2
2866,55198,99088,2
2867,55366,99088,2
2868,55567,99088,1
2869,55768,99088,2
2870,55936,99088,1
2871,56137,99088,2
2872,56305,99088,2
2873,56506,99088,3
2874,56707,99088,1
2875,56875,99088,1
2876,57076,99088,2
2877,57244,99088,2
2878,57445,99088,2
2879,57646,99088,1
2880,53421,99155,2
2881,53600,99143,1
2882,53790,99155,1
2883,53958,99155,1
2884,54159,99155,1
2885,54360,99155,2
2886,54539,99143,2
2887,54718,99143,2
2888,54897,99155,2
2889,55098,99155,2
2890,55299,99155,1
2891,55478,99143,2
2892,55657,99143,2
2893,55836,99155,1
2894,56037,99155,2
2895,56238,99155,2
2896,56417,99143,2
2897,56596,99143,2
2898,56774,99155,1
2899,56976,99155,2
2900,57177,99155,2
2901,57355,99143,1
2902,57534,99143,2
2903,57713,99155,2
2904,53321,99188,2
2905,53522,99188,2
2906,53690,99188,1
2907,53891,99188,2
2908,54058,99188,2
2909,54260,99188,2
2910,54461,99188,1
2911,54628,99188,1
2912,54796,99188,2
2913,54997,99188,2
2914,55198,99188,2
2915,55400,99188,2
2916,55567,99188,2
2917,55735,99188,2
2918,55936,99188,2
2919,56137,99188,2
2920,56338,99188,2
2921,56506,99188,2
2922,56674,99188,1
2923,56875,99188,2
2924,57076,99188,1
2925,57277,99188,2
2926,57445,99188,2
2927,57613,99188,1
2928,53388,99255,2
2929,53589,99255,1
2930,53790,99255,1
2931,53991,99255,1
2932,54159,99255,1
2933,54327,99255,1
2934,54528,99255,1
2935,54729,99255,2
2936,54930,99255,2
2937,55098,99255,2
2938,55266,99255,2
2939,55467,99255,2
2940,55668,99255,1
2941,55869,99255,2
2942,56037,99255,1
2943,56204,99255,1
2944,56406,99255,1
2945,56607,99255,1
2946,56808,99255,2
2947,56976,99255,1
2948,57143,99255,2
2949,57344,99255,1
2950,57545,99255,1
2951,57747,99255,2
2952,53310,99300,2
2953,53511,99300,2
2954,53690,99289,1
2955,53891,99289,2
2956,54070,99300,1
2957,54248,99300,1
2958,54450,99300,1
2959,54628,99289,1
2960,54830,99289,2
2961,55008,99300,2
2962,55187,99300,2
2963,55388,99300,2
2964,55567,99289,2
2965,55768,99289,2
2966,55947,99300,1
2967,56126,99300,2
2968,56327,99300,2
2969,56506,99289,2
2970,56685,99300,2
2971,56886,99300,2
2972,57065,99300,2
2973,57244,99289,2
2974,57445,99289,2
2975,57624,99300,2
2976,53421,99356,2
2977,53600,99367,2
2978,53790,99356,1
2979,53958,99356,2
2980,54159,99356,1
2981,54360,99356,1
2982,54539,99367,2
2983,54729,99356,2
2984,54897,99356,2
2985,55098,99356,2
2986,55299,99356,1
2987,55478,99367,2
2988,55668,99356,2
2989,55836,99356,2
2990,56037,99356,2
2991,56238,99356,2
2992,56417,99367,2
2993,56596,99367,2
2994,56774,99356,1
2995,56976,99356,2
2996,57177,99356,1
2997,57344,99356,2
2998,57534,99367,2
2999,57713,99356,2
3000,53321,99423,2
3001,53489,99423,2
3002,53690,99423,1
3003,53891,99423,2
3004,54070,99412,1
3005,54260,99423,1
3006,54427,99423,2
3007,54628,99423,2
3008,54830,99423,2
3009,55008,99412,2
3010,55198,99423,2
3011,55366,99423,2
3012,55567,99423,2
3013,55768,99423,2
3014,55947,99412,2
3015,56126,99412,2
3016,56305,99423,1
3017,56506,99423,2
3018,56707,99423,2
3019,56886,99412,2
3020,57065,99412,2
3021,57244,99423,2
3022,57445,99423,1
3023,57646,99423,1
3024,53421,99490,2
3025,53600,99479,1
3026,53779,99479,1
3027,53980,99479,1
3028,54159,99490,1
3029,54360,99490,1
3030,54539,99479,2
3031,54718,99479,2
3032,54919,99479,2
3033,55098,99490,2
3034,55299,99490,2
3035,55478,99479,2
3036,55657,99479,2
3037,55858,99479,1
3038,56037,99490,1
3039,56216,99479,1
3040,56417,99479,1
3041,56596,99479,1
3042,56797,99479,1
3043,56976,99490,2
3044,57154,99479,2
3045,57355,99479,1
3046,57534,99479,2
3047,57713,99490,2
3048,53321,99523,2
3049,53522,99523,1
3050,53690,99523,1
3051,53857,99523,1
3052,54058,99523,1
3053,54260,99523,1
3054,54461,99523,2
3055,54628,99523,2
3056,54796,99523,1
3057,54997,99523,2
3058,55198,99523,1
3059,55400,99523,2
3060,55567,99523,2
3061,55735,99523,2
3062,55936,99523,2
3063,56137,99523,1
3064,56338,99523,1
3065,56506,99523,1
3066,56674,99523,1
3067,56875,99523,1
3068,57076,99523,2
3069,57277,99523,1
3070,57445,99523,2
3071,57613,99523,2
3072,53421,99590,2
3073,53589,99590,2
3074,53790,99590,2
3075,53991,99590,1
3076,54159,99590,1
3077,54360,99590,2
3078,54528,99590,2
3079,54729,99590,1
3080,54930,99590,2
3081,55098,99590,2
3082,55266,99590,1
3083,55467,99590,2
3084,55668,99590,2
3085,55869,99590,2
3086,56037,99590,2
3087,56204,99590,2
3088,56406,99590,1
3089,56607,99590,1
3090,56808,99590,2
3091,56976,99590,1
3092,57143,99590,3
3093,57344,99590,1
3094,57545,99590,2
3095,57747,99590,2
3096,53321,99624,2
3097,53489,99624,2
3098,53690,99624,1
3099,53891,99624,1
3100,54070,99635,1
3101,54260,99624,1
3102,54427,99624,2
3103,54628,99624,2
3104,54830,99624,2
3105,55008,99635,2
3106,55187,99635,1
3107,55366,99624,1
3108,55567,99624,2
3109,55768,99624,2
3110,55947,99635,1
3111,56126,99635,1
3112,56305,99624,2
3113,56506,99624,2
3114,56707,99624,1
3115,56886,99635,1
3116,57065,99635,2
3117,57244,99624,2
3118,57445,99624,2
3119,57646,99624,2
3120,53421,99691,2
3121,53600,99680,1
3122,53790,99691,1
3123,53958,99691,2
3124,54159,99691,2
3125,54360,99691,2
3126,54539,99680,2
3127,54729,99691,1
3128,54897,99691,2
3129,55098,99691,2
3130,55299,99691,2
3131,55478,99680,2
3132,55668,99691,2
3133,55836,99691,1
3134,56037,99691,2
3135,56238,99691,2
3136,56406,99691,1
3137,56607,99691,1
3138,56774,99691,1
3139,56976,99691,1
3140,57177,99691,2
3141,57344,99691,1
3142,57534,99680,2
3143,57713,99691,2
3144,53310,99747,2
3145,53511,99747,2
3146,53690,99758,1
3147,53891,99758,1
3148,54070,99747,2
3149,54248,99747,2
3150,54450,99747,2
3151,54628,99758,2
3152,54830,99758,2
3153,55008,99747,2
3154,55187,99747,1
3155,55388,99747,2
3156,55567,99758,2
3157,55768,99758,1
3158,55947,99747,2
3159,56126,99747,2
3160,56305,99758,2
3161,56506,99758,2
3162,56707,99758,2
3163,56886,99747,2
3164,57065,99747,2
3165,57244,99758,2
3166,57445,99758,2
3167,57624,99747,2
3168,53388,99792,2
3169,53589,99792,1
3170,53790,99792,1
3171,53991,99792,2
3172,54159,99792,2
3173,54327,99792,2
3174,54528,99792,1
3175,54729,99792,2
3176,54930,99792,2
3177,55098,99792,1
3178,55266,99792,2
3179,55467,99792,1
3180,55668,99792,1
3181,55869,99792,2
3182,56037,99792,2
3183,56204,99792,2
3184,56406,99792,2
3185,56607,99792,1
3186,56808,99792,1
3187,56976,99792,2
3188,57143,99792,2
3189,57344,99792,1
3190,57545,99792,1
3191,57747,99792,2
3192,53321,99859,2
3193,53522,99859,2
3194,53690,99859,2
3195,53891,99859,1
3196,54058,99859,2
3197,54260,99859,2
3198,54461,99859,1
3199,54628,99859,2
3200,54796,99859,2
3201,54997,99859,2
3202,55198,99859,1
3203,55400,99859,2
3204,55567,99859,1
3205,55735,99859,2
3206,55936,99859,2
3207,56137,99859,1
3208,56338,99859,2
3209,56506,99859,2
3210,56674,99859,2
3211,56875,99859,2
3212,57076,99859,2
3213,57277,99859,2
3214,57445,99859,2
3215,57613,99859,2
3216,53421,99892,2
3217,53600,99903,2
3218,53790,99892,1
3219,53958,99892,2
3220,54159,99892,2
3221,54360,99892,1
3222,54539,99903,2
3223,54718,99903,1
3224,54897,99892,2
3225,55098,99892,1
3226,55299,99892,2
3227,55478,99903,1
3228,55657,99903,1
3229,55836,99892,1
3230,56037,99892,1
3231,56238,99892,2
3232,56417,99903,2
3233,56596,99903,2
3234,56774,99892,1
3235,56976,99892,1
3236,57177,99892,2
3237,57355,99903,2
3238,57534,99903,1
3239,57713,99892,2
3240,53321,99959,2
3241,53489,99959,2
3242,53690,99959,1
3243,53891,99959,2
3244,54070,99948,1
3245,54260,99959,1
3246,54427,99959,2
3247,54628,99959,1
3248,54830,99959,2
3249,55008,99948,2
3250,55198,99959,2
3251,55366,99959,1
3252,55567,99959,1
3253,55768,99959,1
3254,55936,99959,1
3255,56137,99959,1
3256,56305,99959,1
3257,56506,99959,1
3258,56707,99959,2
3259,56875,99959,2
3260,57076,99959,3
3261,57244,99959,2
3262,57445,99959,1
3263,57646,99959,1
3264,53421,100026,2
3265,53600,100015,1
3266,53779,100015,1
3267,53980,100015,2
3268,54159,100026,1
3269,54360,100026,2
3270,54539,100015,1
3271,54718,100015,1
3272,54919,100015,2
3273,55098,100026,1
3274,55299,100026,2
3275,55478,100015,2
3276,55657,100015,1
3277,55836,100026,1
3278,56037,100026,1
3279,56238,100026,2
3280,56417,100015,2
3281,56596,100015,2
3282,56774,100026,1
3283,56976,100026,1
3284,57177,100026,2
3285,57355,100015,2
3286,57534,100015,2
3287,57713,100026,1
3288,53321,100060,2
3289,53522,100060,1
3290,53690,100060,1
3291,53857,100060,2
3292,54058,100060,1
3293,54260,100060,1
3294,54461,100060,2
3295,54628,100060,2
3296,54796,100060,1
3297,54997,100060,2
3298,55198,100060,1
3299,55400,100060,2
3300,55567,100060,1
3301,55735,100060,1
3302,55936,100060,2
3303,56137,100060,2
3304,56338,100060,2
3305,56506,100060,1
3306,56674,100060,2
3307,56875,100060,2
3308,57076,100060,1
3309,57277,100060,1
3310,57445,100060,2
3311,57613,100060,2
3312,53388,100127,2
3313,53589,100127,1
3314,53790,100127,2
3315,53991,100127,1
3316,54159,100127,2
3317,54327,100127,1
3318,54528,100127,1
3319,54729,100127,2
3320,54930,100127,2
3321,55098,100127,1
3322,55266,100127,2
3323,55467,100127,1
3324,55668,100127,1
3325,55869,100127,2
3326,56037,100127,2
3327,56204,100127,2
3328,56406,100127,1
3329,56607,100127,2
3330,56808,100127,2
3331,56976,100127,2
3332,57143,100127,2
3333,57344,100127,2
3334,57545,100127,2
3335,57747,100127,1
3336,53310,100172,2
3337,53511,100172,2
3338,53690,100160,2
3339,53891,100160,2
3340,54070,100172,1
3341,54248,100172,1
3342,54427,100160,2
3343,54628,100160,2
3344,54830,100160,1
3345,55008,100172,2
3346,55187,100172,1
3347,55366,100160,1
3348,55567,100160,2
3349,55768,100160,2
3350,55947,100172,2
3351,56126,100172,2
3352,56305,100160,2
3353,56506,100160,1
3354,56707,100160,2
3355,56886,100172,2
3356,57065,100172,1
3357,57244,100160,3
3358,57445,100160,2
3359,57646,100160,2
3360,53421,100228,1
3361,53623,100228,2
3362,53790,100228,2
3363,53958,100228,1
3364,54159,100228,1
3365,54360,100228,2
3366,54528,100228,2
3367,54729,100228,2
3368,54897,100228,2
3369,55098,100228,1
3370,55299,100228,1
3371,55467,100228,2
3372,55668,100228,1
3373,55836,100228,1
3374,56037,100228,2
3375,56238,100228,0
3376,56406,100228,1
3377,56607,100228,2
3378,56774,100228,1
3379,56976,100228,2
3380,57177,100228,2
3381,57344,100228,2
3382,57545,100228,1
3383,57713,100228,2
3384,53321,100295,2
3385,53511,100283,2
3386,53690,100295,3
3387,53891,100295,1
3388,54070,100283,2
3389,54248,100283,2
3390,54427,100295,2
3391,54628,100295,2
3392,54830,100295,2
3393,55008,100283,1
3394,55187,100283,1
3395,55366,100295,1
3396,55567,100295,1
3397,55768,100295,1
3398,55947,100283,2
3399,56126,100283,2
3400,56305,100295,2
3401,56506,100295,1
3402,56707,100295,1
3403,56886,100283,1
3404,57065,100283,2
3405,57244,100295,1
3406,57445,100295,2
3407,57646,100295,1
3408,53388,100328,2
3409,53589,100328,2
3410,53790,100328,3
3411,53991,100328,2
3412,54159,100328,2
3413,54327,100328,1
3414,54528,100328,2
3415,54729,100328,2
3416,54930,100328,2
3417,55098,100328,1
3418,55266,100328,2
3419,55467,100328,1
3420,55668,100328,1
3421,55869,100328,2
3422,56037,100328,1
3423,56204,100328,2
3424,56406,100328,2
3425,56607,100328,2
3426,56808,100328,1
3427,56976,100328,2
3428,57143,100328,1
3429,57344,100328,1
3430,57545,100328,2
3431,57747,100328,1
3432,53321,100395,1
3433,53522,100395,2
3434,53690,100395,2
3435,53857,100395,2
3436,54058,100395,2
3437,54260,100395,1
3438,54461,100395,1
3439,54628,100395,2
3440,54796,100395,2
3441,54997,100395,1
3442,55198,100395,2
3443,55400,100395,2
3444,55567,100395,2
3445,55735,100395,2
3446,55936,100395,2
3447,56137,100395,2
3448,56338,100395,2
3449,56506,100395,1
3450,56674,100395,1
3451,56875,100395,1
3452,57076,100395,2
3453,57277,100395,1
3454,57445,100395,1
3455,57613,100395,2
3456,53421,100429,1
3457,53600,100440,2
3458,53779,100440,2
3459,53980,100440,2
3460,54159,100429,1
3461,54360,100429,1
3462,54539,100440,2
3463,54718,100440,2
3464,54919,100440,1
3465,55098,100429,2
3466,55299,100429,2
3467,55478,100440,2
3468,55657,100440,2
3469,55836,100429,2
3470,56037,100429,1
3471,56238,100429,2
3472,56417,100440,2
3473,56596,100440,2
3474,56774,100429,2
3475,56976,100429,2
3476,57177,100429,2
3477,57355,100440,2
3478,57534,100440,2
3479,57713,100429,2
3480,53321,100496,1
3481,53489,100496,2
3482,53690,100496,3
3483,53891,100496,2
3484,54070,100507,1
3485,54260,100496,1
3486,54427,100496,1
3487,54628,100496,2
3488,54830,100496,1
3489,55008,100507,2
3490,55198,100496,1
3491,55366,100496,1
3492,55567,100496,2
3493,55768,100496,2
3494,55936,100496,2
3495,56137,100496,2
3496,56305,100496,1
3497,56506,100496,2
3498,56707,100496,1
3499,56875,100496,1
3500,57076,100496,1
3501,57244,100496,1
3502,57445,100496,2
3503,57646,100496,2
3504,53421,100563,1
3505,53600,100552,2
3506,53790,100563,2
3507,53958,100563,2
3508,54159,100563,1
3509,54360,100563,1
3510,54539,100552,2
3511,54718,100552,2
3512,54897,100563,1
3513,55098,100563,2
3514,55299,100563,1
3515,55478,100552,1
3516,55657,100552,2
3517,55836,100563,2
3518,56037,100563,2
3519,56238,100563,1
3520,56417,100552,1
3521,56596,100552,2
3522,56774,100563,1
3523,56976,100563,1
3524,57177,100563,1
3525,57355,100552,1
3526,57534,100552,1
3527,57713,100563,1
3528,53321,100596,1
3529,53522,100596,1
3530,53690,100596,3
3531,53891,100596,2
3532,54058,100596,1
3533,54260,100596,2
3534,54461,100596,1
3535,54628,100596,3
3536,54796,100596,1
3537,54997,100596,2
3538,55198,100596,1
3539,55400,100596,2
3540,55567,100596,2
3541,55735,100596,2
3542,55936,100596,2
3543,56137,100596,1
3544,56338,100596,1
3545,56506,100596,2
3546,56674,100596,1
3547,56875,100596,2
3548,57076,100596,1
3549,57277,100596,1
3550,57445,100596,2
3551,57613,100596,1
3552,53388,100663,1
3553,53589,100663,1
3554,53790,100663,2
3555,53991,100663,2
3556,54159,100663,2
3557,54327,100663,1
3558,54528,100663,1
3559,54729,100663,2
3560,54930,100663,2
3561,55098,100663,1
3562,55266,100663,1
3563,55467,100663,2
3564,55668,100663,2
3565,55869,100663,2
3566,56037,100663,1
3567,56204,100663,1
3568,56406,100663,1
3569,56607,100663,1
3570,56808,100663,2
3571,56976,100663,2
3572,57143,100663,2
3573,57344,100663,1
3574,57545,100663,1
3575,57747,100663,2
3576,53310,100708,1
3577,53511,100708,1
3578,53690,100697,2
3579,53891,100697,2
3580,54070,100708,2
3581,54248,100708,2
3582,54450,100708,1
3583,54628,100697,2
3584,54830,100697,1
3585,55008,100708,2
3586,55187,100708,1
3587,55388,100708,2
3588,55567,100697,2
3589,55768,100697,2
3590,55947,100708,1
3591,56126,100708,1
3592,56327,100708,1
3593,56506,100697,2
3594,56685,100708,1
3595,56886,100708,2
3596,57065,100708,2
3597,57244,100697,1
3598,57445,100697,2
3599,57624,100708,2
3600,53421,100764,1
3601,53600,100775,1
3602,53790,100764,2
3603,53958,100764,2
3604,54159,100764,2
3605,54360,100764,2
3606,54539,100775,1
3607,54729,100764,2
3608,54897,100764,2
3609,55098,100764,2
3610,55299,100764,2
3611,55478,100775,2
3612,55668,100764,1
3613,55836,100764,1
3614,56037,100764,1
3615,56238,100764,1
3616,56417,100775,1
3617,56596,100775,2
3618,56774,100764,2
3619,56976,100764,2
3620,57177,100764,1
3621,57344,100764,1
3622,57534,100775,1
3623,57713,100764,1
3624,53321,100831,2
3625,53489,100831,1
3626,53690,100831,1
3627,53891,100831,2
3628,54070,100820,2
3629,54260,100831,2
3630,54427,100831,2
3631,54628,100831,2
3632,54830,100831,1
3633,55008,100820,2
3634,55198,100831,2
3635,55366,100831,2
3636,55567,100831,1
3637,55768,100831,2
3638,55947,100820,1
3639,56126,100820,1
3640,56305,100831,1
3641,56506,100831,1
3642,56707,100831,2
3643,56886,100820,2
3644,57065,100820,2
3645,57244,100831,1
3646,57445,100831,2
3647,57646,100831,1
3648,53421,100865,2
3649,53589,100865,1
3650,53790,100865,2
3651,53991,100865,1
3652,54159,100865,2
3653,54360,100865,2
3654,54528,100865,1
3655,54729,100865,2
3656,54930,100865,1
3657,55098,100865,3
3658,55299,100865,2
3659,55467,100865,2
3660,55668,100865,2
3661,55869,100865,2
3662,56037,100865,1
3663,56204,100865,2
3664,56406,100865,1
3665,56607,100865,1
3666,56808,100865,2
3667,56976,100865,2
3668,57143,100865,2
3669,57344,100865,1
3670,57545,100865,1
3671,57713,100865,1
3672,53321,100932,1
3673,53522,100932,2
3674,53690,100932,1
3675,53857,100932,2
3676,54058,100932,2
3677,54260,100932,2
3678,54461,100932,1
3679,54628,100932,2
3680,54796,100932,2
3681,54997,100932,3
3682,55198,100932,3
3683,55400,100932,1
3684,55567,100932,2
3685,55735,100932,2
3686,55936,100932,1
3687,56137,100932,2
3688,56338,100932,1
3689,56506,100932,1
3690,56674,100932,1
3691,56875,100932,2
3692,57076,100932,2
3693,57277,100932,1
3694,57445,100932,2
3695,57613,100932,1
3696,53421,100965,2
3697,53600,100976,1
3698,53779,100976,2
3699,53980,100976,2
3700,54159,100965,2
3701,54360,100965,1
3702,54539,100976,1
3703,54718,100976,2
3704,54919,100976,2
3705,55098,100965,3
3706,55299,100965,2
3707,55478,100976,2
3708,55657,100976,2
3709,55858,100976,1
3710,56037,100965,2
3711,56216,100976,2
3712,56417,100976,2
3713,56596,100976,1
3714,56797,100976,2
3715,56976,100965,2
3716,57154,100976,1
3717,57355,100976,1
3718,57534,100976,1
3719,57713,100965,1
3720,53321,101032,1
3721,53489,101032,2
3722,53690,101032,1
3723,53891,101032,1
3724,54070,101043,2
3725,54260,101032,2
3726,54427,101032,2
3727,54628,101032,2
3728,54830,101032,1
3729,55008,101043,2
3730,55198,101032,2
3731,55366,101032,2
3732,55567,101032,1
3733,55768,101032,1
3734,55947,101043,2
3735,56126,101043,1
3736,56305,101032,1
3737,56506,101032,1
3738,56707,101032,1
3739,56886,101043,0
3740,57065,101043,2
3741,57244,101032,1
3742,57445,101032,1
3743,57646,101032,1
3744,53421,101099,1
3745,53600,101088,2
3746,53790,101099,1
3747,53958,101099,1
3748,54159,101099,2
3749,54360,101099,2
3750,54539,101088,3
3751,54729,101099,1
3752,54897,101099,1
3753,55098,101099,1
3754,55299,101099,2
3755,55478,101088,2
3756,55668,101099,2
3757,55836,101099,2
3758,56037,101099,1
3759,56238,101099,1
3760,56417,101088,1
3761,56596,101088,1
3762,56774,101099,2
3763,56976,101099,0
3764,57177,101099,2
3765,57344,101099,1
3766,57534,101088,1
3767,57713,101099,1
3768,53310,101155,1
3769,53511,101155,1
3770,53690,101166,1
3771,53891,101166,1
3772,54070,101155,1
3773,54248,101155,1
3774,54450,101155,2
3775,54628,101166,1
3776,54830,101166,1
3777,55008,101155,1
3778,55187,101155,1
3779,55388,101155,2
3780,55567,101166,2
3781,55768,101166,1
3782,55947,101155,1
3783,56126,101155,2
3784,56327,101155,2
3785,56506,101166,2
3786,56685,101155,2
3787,56886,101155,1
3788,57065,101155,0
3789,57244,101166,1
3790,57445,101166,1
3791,57624,101155,1
3792,53388,101200,1
3793,53589,101200,1
3794,53790,101200,1
3795,53991,101200,1
3796,54159,101200,1
3797,54327,101200,1
3798,54528,101200,2
3799,54729,101200,1
3800,54930,101200,2
3801,55098,101200,1
3802,55266,101200,1
3803,55467,101200,2
3804,55668,101200,1
3805,55869,101200,1
3806,56037,101200,2
3807,56204,101200,2
3808,56406,101200,2
3809,56607,101200,2
3810,56808,101200,1
3811,56976,101200,1
3812,57143,101200,1
3813,57344,101200,1
3814,57545,101200,1
3815,57747,101200,1
3816,53321,101267,1
3817,53522,101267,1
3818,53690,101267,1
3819,53891,101267,1
3820,54058,101267,1
3821,54260,101267,1
3822,54461,101267,1
3823,54628,101267,1
3824,54796,101267,2
3825,54997,101267,2
3826,55198,101267,1
3827,55400,101267,1
3828,55567,101267,1
3829,55735,101267,1
3830,55936,101267,2
3831,56137,101267,2
3832,56338,101267,2
3833,56506,101267,2
3834,56674,101267,2
3835,56875,101267,1
3836,57076,101267,1
3837,57277,101267,1
3838,57445,101267,1
3839,57613,101267,1
3840,53421,101300,1
3841,53600,101312,1
3842,53790,101300,1
3843,53958,101300,1
3844,54159,101300,1
3845,54360,101300,1
3846,54539,101312,2
3847,54718,101312,2
3848,54897,101300,2
3849,55098,101300,2
3850,55299,101300,2
3851,55478,101312,1
3852,55657,101312,2
3853,55836,101300,2
3854,56037,101300,2
3855,56238,101300,2
3856,56417,101312,2
3857,56596,101312,1
3858,56774,101300,1
3859,56976,101300,2
3860,57177,101300,1
3861,57355,101312,1
3862,57534,101312,1
3863,57713,101300,2
3864,53321,101368,1
3865,53489,101368,1
3866,53690,101368,1
3867,53891,101368,1
3868,54070,101356,2
3869,54260,101368,2
3870,54427,101368,2
3871,54628,101368,2
3872,54830,101368,1
3873,55008,101356,1
3874,55198,101368,2
3875,55366,101368,1
3876,55567,101368,2
3877,55768,101368,2
3878,55936,101368,2
3879,56137,101368,1
3880,56305,101368,2
3881,56506,101368,1
3882,56707,101368,1
3883,56875,101368,1
3884,57076,101368,1
3885,57244,101368,1
3886,57445,101368,1
3887,57646,101368,1
